Workbook

Sheet Mode d'emploi
A1: Traitement des risques et déclaration d'applicabilité ISO/IEC 42001 · Léa · Orséa Banque
A2: Étape 4 du projet : mesures de traitement, risque résiduel et déclaration d'applicabilité des 38 contrôles de l'Annexe A d'ISO/IEC 42001:2023.
A3: Cotation saisie en bleu ; niveaux calculés automatiquement (V + G ≥ 7 = Élevé, 5 ou 6 = Moyen, ≤ 4 = Faible).
A4: Principe directeur : on ne peut pas empêcher toutes les injections ou erreurs d'un modèle de langage ; on limite ce qu'elles peuvent provoquer.

Sheet Plan de traitement
A1: Id | B1: Mesure | C1: Type | D1: Risques traités | E1: Contrôles ISO 42001 | F1: Responsable | G1: Priorité | H1: Échéance
A2: T-01 | B2: Ancrer les réponses sur la base de connaissances validée, avec source citée ; si aucune source, Léa le dit et propose un conseiller | C2: Technique | D2: R-IA-08, R-IA-09 | E2: A.6.2.2, A.7.4 | F2: Équipe data | G2: P1 | H2: Avant mise en service
A3: T-02 | B3: Afficher l'extrait officiel (grille tarifaire, conditions générales) pour les frais, délais et droits, sans reformulation | C3: Technique | D3: R-IA-08 | E3: A.6.2.2, A.8.2 | F3: Équipe data | G3: P1 | H3: Avant mise en service
A4: T-03 | B4: Jeu de tests avant chaque mise en production : questions pièges, injections, extraction de consigne, cas de clients vulnérables ; seuil de réussite fixé | C4: Organisationnelle | D4: R-IA-01, R-IA-02, R-IA-07, R-IA-08, R-IA-09 | E4: A.6.2.4 | F4: Équipe data | G4: P1 | H4: Avant mise en service
A5: T-04 | B5: Relecture humaine d'un échantillon de conversations chaque semaine et suivi d'indicateurs de qualité | C5: Organisationnelle | D5: R-IA-08, R-IA-09 | E5: A.6.2.6 | F5: Directeur relation client | G5: P1 | H5: Dès la mise en service
A6: T-05 | B6: Traiter les libellés et contenus externes comme des données non fiables : affichés tels quels, jamais interprétés comme des consignes | C6: Technique | D6: R-IA-02 | E6: A.6.1.3, A.6.2.2 | F6: Équipe data | G6: P1 | H6: Avant mise en service
A7: T-06 | B7: Liste blanche : aucun numéro, lien ou procédure en dehors des canaux officiels d'Orséa dans les réponses | C7: Technique | D7: R-IA-02, R-IA-04 | E7: A.6.2.2 | F7: Équipe data | G7: P1 | H7: Avant mise en service
A8: T-07 | B8: Filtres d'entrée et de sortie : détection des tentatives de contournement, des propos inappropriés et des données sensibles | C8: Technique | D8: R-IA-01, R-IA-07 | E8: A.6.2.5 | F8: RSSI | G8: P1 | H8: Avant mise en service
A9: T-08 | B9: Consigne système sans information sensible : aucune règle anti-fraude ni donnée interne dans la consigne | C9: Technique | D9: R-IA-07 | E9: A.6.2.3 | F9: Équipe data | G9: P1 | H9: Avant mise en service
A10: T-09 | B10: Accès aux données limité au compte du client connecté, en lecture seule, contrôlé par le serveur et non par le modèle | C10: Technique | D10: R-IA-03, R-IA-10 | E10: A.6.1.3 | F10: RSSI | G10: P1 | H10: Avant mise en service
A11: T-10 | B11: Aucune action possible sur le compte ; tout ajout de fonction est validé par le comité IA après analyse de risques | C11: Organisationnelle | D11: R-IA-10 | E11: A.9.4 | F11: Responsable IA | G11: P1 | H11: Permanent
A12: T-11 | B12: Masquage des données très sensibles et nouvelle authentification pour les questions sensibles | C12: Technique | D12: R-IA-04 | E12: A.6.2.2 | F12: Équipe data | G12: P2 | H12: 3 mois après mise en service
... A21: T-20 | B21: Formation à la maîtrise de l'IA (AI Act, article 4) pour l'équipe data, les conseillers et le COMEX | C21: Organisationnelle | D21: Tous | E21: A.4.6 | F21: Responsable IA | G21: P2 | H21: 3 mois après mise en service

Sheet Risque résiduel
A1: Risque | B1: Intitulé | C1: V actuelle | D1: G actuelle | E1: Niveau actuel | F1: Mesures | G1: V résiduelle | H1: G résiduelle | I1: Niveau résiduel | J1: Décision
A2: R-IA-01 | B2: Contournement des consignes (injection directe) | C2: 4 | D2: 2 | E2: =IF(C2+D2>=7,"Élevé",IF(C2+D2>=5,"Moyen","Faible")) -> Moyen | F2: T-03, T-07 | G2: 2 | H2: 2 | I2: =IF(G2+H2>=7,"Élevé",IF(G2+H2>=5,"Moyen","Faible")) -> Faible | J2: Acceptation par le directeur relation client
A3: R-IA-02 | B3: Injection indirecte par un libellé de virement | C3: 2 | D3: 3 | E3: =IF(C3+D3>=7,"Élevé",IF(C3+D3>=5,"Moyen","Faible")) -> Moyen | F3: T-03, T-05, T-06 | G3: 1 | H3: 3 | I3: =IF(G3+H3>=7,"Élevé",IF(G3+H3>=5,"Moyen","Faible")) -> Faible | J3: Acceptation par le directeur relation client
A4: R-IA-03 | B4: Fuite des données d'un autre client | C4: 2 | D4: 4 | E4: =IF(C4+D4>=7,"Élevé",IF(C4+D4>=5,"Moyen","Faible")) -> Moyen | F4: T-09 | G4: 1 | H4: 4 | I4: =IF(G4+H4>=7,"Élevé",IF(G4+H4>=5,"Moyen","Faible")) -> Moyen | J4: Acceptation par le directeur relation client
A5: R-IA-04 | B5: Ingénierie sociale via une session volée | C5: 2 | D5: 3 | E5: =IF(C5+D5>=7,"Élevé",IF(C5+D5>=5,"Moyen","Faible")) -> Moyen | F5: T-06, T-11 | G5: 1 | H5: 3 | I5: =IF(G5+H5>=7,"Élevé",IF(G5+H5>=5,"Moyen","Faible")) -> Faible | J5: Acceptation par le directeur relation client
A6: R-IA-05 | B6: Conservation des conversations par l'éditeur | C6: 3 | D6: 3 | E6: =IF(C6+D6>=7,"Élevé",IF(C6+D6>=5,"Moyen","Faible")) -> Moyen | F6: T-12 | G6: 1 | H6: 3 | I6: =IF(G6+H6>=7,"Élevé",IF(G6+H6>=5,"Moyen","Faible")) -> Faible | J6: Acceptation par le directeur relation client
A7: R-IA-06 | B7: Fuite des journaux de conversation | C7: 2 | D7: 4 | E7: =IF(C7+D7>=7,"Élevé",IF(C7+D7>=5,"Moyen","Faible")) -> Moyen | F7: T-13 | G7: 1 | H7: 4 | I7: =IF(G7+H7>=7,"Élevé",IF(G7+H7>=5,"Moyen","Faible")) -> Moyen | J7: Acceptation par le directeur relation client
A8: R-IA-07 | B8: Divulgation de la consigne système | C8: 3 | D8: 3 | E8: =IF(C8+D8>=7,"Élevé",IF(C8+D8>=5,"Moyen","Faible")) -> Moyen | F8: T-03, T-07, T-08 | G8: 2 | H8: 2 | I8: =IF(G8+H8>=7,"Élevé",IF(G8+H8>=5,"Moyen","Faible")) -> Faible | J8: Acceptation par le directeur relation client
A9: R-IA-08 | B9: Réponse inventée (hallucination) | C9: 4 | D9: 3 | E9: =IF(C9+D9>=7,"Élevé",IF(C9+D9>=5,"Moyen","Faible")) -> Élevé | F9: T-01, T-02, T-03, T-04 | G9: 2 | H9: 3 | I9: =IF(G9+H9>=7,"Élevé",IF(G9+H9>=5,"Moyen","Faible")) -> Moyen | J9: Acceptation par le directeur relation client
A10: R-IA-09 | B10: Mauvaise orientation d'un client vulnérable | C10: 3 | D10: 3 | E10: =IF(C10+D10>=7,"Élevé",IF(C10+D10>=5,"Moyen","Faible")) -> Moyen | F10: T-01, T-03, T-04, T-14 | G10: 2 | H10: 3 | I10: =IF(G10+H10>=7,"Élevé",IF(G10+H10>=5,"Moyen","Faible")) -> Moyen | J10: Acceptation par le directeur relation client
A11: R-IA-10 | B11: Action non autorisée sur le compte | C11: 1 | D11: 4 | E11: =IF(C11+D11>=7,"Élevé",IF(C11+D11>=5,"Moyen","Faible")) -> Moyen | F11: T-09, T-10 | G11: 1 | H11: 4 | I11: =IF(G11+H11>=7,"Élevé",IF(G11+H11>=5,"Moyen","Faible")) -> Moyen | J11: Acceptation par le directeur relation client
A12: R-IA-11 | B12: Panne ou changement de conditions de l'éditeur | C12: 3 | D12: 2 | E12: =IF(C12+D12>=7,"Élevé",IF(C12+D12>=5,"Moyen","Faible")) -> Moyen | F12: T-12, T-17 | G12: 3 | H12: 1 | I12: =IF(G12+H12>=7,"Élevé",IF(G12+H12>=5,"Moyen","Faible")) -> Faible | J12: Acceptation par le directeur relation client
A13: R-IA-12 | B13: Consommation abusive | C13: 3 | D13: 2 | E13: =IF(C13+D13>=7,"Élevé",IF(C13+D13>=5,"Moyen","Faible")) -> Moyen | F13: T-16 | G13: 1 | H13: 2 | I13: =IF(G13+H13>=7,"Élevé",IF(G13+H13>=5,"Moyen","Faible")) -> Faible | J13: Acceptation par le directeur relation client
... A15: R-IA-14 | B15: Empoisonnement de la base de connaissances | C15: 1 | D15: 3 | E15: =IF(C15+D15>=7,"Élevé",IF(C15+D15>=5,"Moyen","Faible")) -> Faible | F15: T-18 | G15: 1 | H15: 2 | I15: =IF(G15+H15>=7,"Élevé",IF(G15+H15>=5,"Moyen","Faible")) -> Faible | J15: Acceptation par le directeur relation client

Sheet SoA ISO 42001
A1: Thème | B1: Intitulé du thème | C1: Contrôle | D1: Intitulé | E1: Applicable | F1: Justification et mise en œuvre | G1: Mesures | H1: État
A2: A.2 | B2: Politiques | C2: A.2.2 | D2: Politique IA | E2: Oui | F2: Politique rédigée (document « Contexte et politique IA »), à approuver par le COMEX | G2: — | H2: Partiel
A3: A.2 | B3: Politiques | C3: A.2.3 | D3: Alignement avec les autres politiques | E3: Oui | F3: La politique IA s'appuie sur la PSSI et la politique de protection des données | G3: — | H3: Partiel
A4: A.2 | B4: Politiques | C4: A.2.4 | D4: Revue de la politique IA | E4: Oui | F4: Revue annuelle prévue | G4: — | H4: À faire
A5: A.3 | B5: Organisation interne | C5: A.3.2 | D5: Rôles et responsabilités | E5: Oui | F5: Rôles définis (document « Contexte et politique IA », clause 5.3) | G5: — | H5: Partiel
A6: A.3 | B6: Organisation interne | C6: A.3.3 | D6: Signalement des préoccupations | E6: Oui | F6: Canal de signalement pour les collaborateurs | G6: T-19 | H6: À faire
A7: A.4 | B7: Ressources | C7: A.4.2 | D7: Documentation des ressources | E7: Oui | F7: Inventaire des composants de Léa (modèle, base de connaissances, connecteurs) | G7: — | H7: Partiel
A8: A.4 | B8: Ressources | C8: A.4.3 | D8: Ressources en données | E8: Oui | F8: Base de connaissances documentée et validée | G8: T-18 | H8: À faire
A9: A.4 | B9: Ressources | C9: A.4.4 | D9: Outils | E9: Oui | F9: Outils de test et de filtrage documentés | G9: T-03, T-07 | H9: À faire
A10: A.4 | B10: Ressources | C10: A.4.5 | D10: Ressources système et de calcul | E10: Oui | F10: Limites de débit et plafond de coût | G10: T-16 | H10: À faire
A11: A.4 | B11: Ressources | C11: A.4.6 | D11: Ressources humaines | E11: Oui | F11: Compétences et formation à la maîtrise de l'IA | G11: T-20 | H11: À faire
A12: A.5 | B12: Évaluation des impacts | C12: A.5.2 | D12: Processus d'analyse d'impact | E12: Oui | F12: Analyse d'impact obligatoire avant toute mise en service | G12: — | H12: Partiel
... A39: A.10 | B39: Relations avec les tiers | C39: A.10.4 | D39: Clients | E39: Oui | F39: Conditions d'utilisation de Léa présentées aux clients | G39: T-15 | H39: À faire

Sheet Synthèse
A1: Niveau | B1: Avant traitement | C1: Après traitement | E1: État des contrôles ISO 42001 | F1: Nombre
A2: Élevé | B2: =COUNTIF('Risque résiduel'!$E$2:$E$15,A2) -> 1 | C2: =COUNTIF('Risque résiduel'!$I$2:$I$15,A2) -> 0 | E2: En place | F2: =COUNTIF('SoA ISO 42001'!$H$2:$H$39,E2) -> 3
A3: Moyen | B3: =COUNTIF('Risque résiduel'!$E$2:$E$15,A3) -> 11 | C3: =COUNTIF('Risque résiduel'!$I$2:$I$15,A3) -> 5 | E3: Partiel | F3: =COUNTIF('SoA ISO 42001'!$H$2:$H$39,E3) -> 7
A4: Faible | B4: =COUNTIF('Risque résiduel'!$E$2:$E$15,A4) -> 2 | C4: =COUNTIF('Risque résiduel'!$I$2:$I$15,A4) -> 9 | E4: À faire | F4: =COUNTIF('SoA ISO 42001'!$H$2:$H$39,E4) -> 28
A5: Total | B5: =SUM(B2:B4) -> 14 | C5: =SUM(C2:C4) -> 14 | E5: Total | F5: =SUM(F2:F4) -> 38
