Workbook

Sheet Mode d'emploi
A1: Analyse d'impact et de risques · Léa, assistant conversationnel · Orséa Banque
A2: Étape 3 du projet. Deux volets : l'analyse d'impact sur les personnes (ISO/IEC 42001, clause 6.1.4) et le registre des risques du système (clause 6.1.2), appuyé sur l'OWASP Top 10 pour les applications à base de grands modèles de langage (version 2025).
A3: Cotation : vraisemblance (V) et gravité (G) de 1 à 4, saisies en bleu. Niveau calculé : V + G ≥ 7 = Élevé, 5 ou 6 = Moyen, ≤ 4 = Faible. Même échelle que l'analyse EBIOS RM d'Orséa.
A4: Hypothèse de conception : Léa peut consulter les opérations du client connecté mais ne peut exécuter aucune action sur le compte.

Sheet Analyse d'impact
A1: Personnes concernées | B1: Dimension | C1: Effet possible | D1: Gravité (1-4) | E1: Niveau d'impact | F1: Risques liés
A2: Clients | B2: Vie privée | C2: Divulgation d'opérations ou de données bancaires à un tiers ou à un autre client | D2: 4 | E2: =CHOOSE(D2,"Limité","Modéré","Important","Critique") -> Critique | F2: R-IA-03, R-IA-05, R-IA-06
A3: Clients | B3: Sécurité financière | C3: Perte d'argent après une réponse fausse (frais, délais, procédure) ou une arnaque relayée par Léa | D3: 3 | E3: =CHOOSE(D3,"Limité","Modéré","Important","Critique") -> Important | F3: R-IA-02, R-IA-08
A4: Clients | B4: Transparence | C4: Ignorer qu'on échange avec une IA ou ne pas savoir comment joindre un humain | D4: 2 | E4: =CHOOSE(D4,"Limité","Modéré","Important","Critique") -> Modéré | F4: R-IA-13
A5: Clients vulnérables | B5: Équité et protection | C5: Orientation inadaptée d'un client en difficulté (endettement, fragilité) faute de détection de sa situation | D5: 3 | E5: =CHOOSE(D5,"Limité","Modéré","Important","Critique") -> Important | F5: R-IA-09
A6: Clients vulnérables | B6: Autonomie et recours | C6: Difficulté à contester une information ou à obtenir un conseiller | D6: 2 | E6: =CHOOSE(D6,"Limité","Modéré","Important","Critique") -> Modéré | F6: R-IA-09, R-IA-13
A7: Conseillers | B7: Conditions de travail | C7: Reprise de conversations sans historique, clients mécontents d'une réponse de Léa | D7: 2 | E7: =CHOOSE(D7,"Limité","Modéré","Important","Critique") -> Modéré | F7: R-IA-08, R-IA-11
A8: Société | B8: Confiance dans le secteur bancaire | C8: Incident public (propos inappropriés, fuite) qui nuit à la confiance dans les services bancaires en ligne | D8: 2 | E8: =CHOOSE(D8,"Limité","Modéré","Important","Critique") -> Modéré | F8: R-IA-01, R-IA-06

Sheet Registre des risques
A1: Id | B1: Famille | C1: Risque | D1: Scénario concret | E1: Référence OWASP LLM | F1: Conséquences | G1: Mesures existantes | H1: V (1-4) | I1: G (1-4) | J1: Niveau | K1: Justification
A2: R-IA-01 | B2: Attaque | C2: Contournement des consignes (injection directe) | D2: Un client demande à Léa d'ignorer ses consignes pour tenir des propos insultants ou donner des conseils interdits, puis publie la capture | E2: LLM01 Prompt Injection | F2: Atteinte à l'image, contenu inapproprié diffusé | G2: Filtres de l'éditeur du modèle | H2: 4 | I2: 2 | J2: =IF(H2+I2>=7,"Élevé",IF(H2+I2>=5,"Moyen","Faible")) -> Moyen | K2: Technique très connue et facile à tenter ; l'effet reste surtout un problème d'image.
A3: R-IA-02 | B3: Attaque | C3: Injection indirecte par un libellé de virement | D3: Un fraudeur envoie un virement de 1 € dont le libellé contient une instruction ; Léa la lit en résumant les opérations et invite le client à appeler un faux numéro | E3: LLM01 Prompt Injection | F3: Fraude au client, perte financière | G3: Aucune | H3: 2 | I3: 3 | J3: =IF(H3+I3>=7,"Élevé",IF(H3+I3>=5,"Moyen","Faible")) -> Moyen | K3: Scénario plus élaboré mais réaliste ; il transforme Léa en relais d'arnaque.
A4: R-IA-03 | B4: Données | C4: Fuite des données d'un autre client | D4: Une faille dans la connexion aux données permet à Léa de lire des opérations hors du compte du client connecté | E4: LLM02 Sensitive Information Disclosure, LLM06 Excessive Agency | F4: Violation de données, secret bancaire, sanction CNIL | G4: Authentification du client dans l'appli | H4: 2 | I4: 4 | J4: =IF(H4+I4>=7,"Élevé",IF(H4+I4>=5,"Moyen","Faible")) -> Moyen | K4: Dépend de la qualité du contrôle d'accès ; l'impact serait critique.
A5: R-IA-04 | B5: Attaque | C5: Ingénierie sociale via une session volée | D5: Un fraudeur qui a accès au téléphone déverrouillé d'un client interroge Léa pour obtenir des informations et préparer une fraude | E5: LLM02 Sensitive Information Disclosure | F5: Préparation d'une fraude | G5: Authentification forte à la connexion (M_01) | H5: 2 | I5: 3 | J5: =IF(H5+I5>=7,"Élevé",IF(H5+I5>=5,"Moyen","Faible")) -> Moyen | K5: Suppose l'accès à l'appareil ; Léa accélère la collecte d'informations.
A6: R-IA-05 | B6: Données | C6: Conservation des conversations par l'éditeur du modèle | D6: Les conversations envoyées à l'éditeur sont conservées, réutilisées pour entraîner son modèle ou traitées hors de l'Union européenne | E6: LLM03 Supply Chain | F6: Non-conformité RGPD, secret bancaire, perte de maîtrise des données | G6: Aucune clause spécifique | H6: 3 | I6: 3 | J6: =IF(H6+I6>=7,"Élevé",IF(H6+I6>=5,"Moyen","Faible")) -> Moyen | K6: Dépend du contrat ; risque fréquent avec les offres standard.
A7: R-IA-06 | B7: Données | C7: Fuite des journaux de conversation | D7: Les journaux sont stockés sans chiffrement et accessibles à trop de personnes en interne ou chez un prestataire | E7: LLM02 Sensitive Information Disclosure | F7: Violation massive de données personnelles | G7: Contrôle d'accès général du SI | H7: 2 | I7: 4 | J7: =IF(H7+I7>=7,"Élevé",IF(H7+I7>=5,"Moyen","Faible")) -> Moyen | K7: Les journaux concentrent beaucoup de données sensibles.
A8: R-IA-07 | B8: Données | C8: Divulgation de la consigne système | D8: Un client obtient de Léa le texte de ses consignes internes, dont des règles anti-fraude utiles à un fraudeur | E8: LLM07 System Prompt Leakage | F8: Contournement des contrôles de la banque | G8: Aucune | H8: 3 | I8: 3 | J8: =IF(H8+I8>=7,"Élevé",IF(H8+I8>=5,"Moyen","Faible")) -> Moyen | K8: Extraction facile à tenter ; gravité forte si la consigne contient des règles internes.
A9: R-IA-08 | B9: Erreur | C9: Réponse inventée (hallucination) | D9: Léa affirme qu'un prélèvement est remboursable sous 60 jours dans un cas où ce n'est pas vrai ; le client perd ses droits ou de l'argent | E9: LLM09 Misinformation | F9: Perte financière du client, responsabilité de la banque, réclamations | G9: Base de connaissances sur les produits | H9: 4 | I9: 3 | J9: =IF(H9+I9>=7,"Élevé",IF(H9+I9>=5,"Moyen","Faible")) -> Élevé | K9: Les modèles de langage inventent régulièrement ; la banque reste responsable de ce que dit son assistant.
A10: R-IA-09 | B10: Humain | C10: Mauvaise orientation d'un client vulnérable | D10: Un client en difficulté financière reçoit une réponse standard sans être orienté vers un conseiller ou une aide adaptée | E10: LLM09 Misinformation | F10: Aggravation de la situation du client, manquement au devoir de conseil | G10: Aucune | H10: 3 | I10: 3 | J10: =IF(H10+I10>=7,"Élevé",IF(H10+I10>=5,"Moyen","Faible")) -> Moyen | K10: Les situations de fragilité sont difficiles à détecter dans une conversation courte.
A11: R-IA-10 | B11: Attaque | C11: Action non autorisée sur le compte | D11: Si Léa recevait des outils (virement, modification d'adresse), une injection pourrait déclencher une opération | E11: LLM06 Excessive Agency | F11: Fraude directe | G11: Choix de conception : Léa ne peut exécuter aucune action | H11: 1 | I11: 4 | J11: =IF(H11+I11>=7,"Élevé",IF(H11+I11>=5,"Moyen","Faible")) -> Moyen | K11: Peu vraisemblable grâce au choix de conception ; à surveiller si de nouvelles fonctions sont ajoutées.
A12: R-IA-11 | B12: Disponibilité | C12: Panne ou changement de conditions de l'éditeur | D12: Le service de l'éditeur est indisponible plusieurs heures ou ses tarifs augmentent fortement | E12: LLM03 Supply Chain | F12: Service client dégradé, report de charge sur les conseillers | G12: Aucune | H12: 3 | I12: 2 | J12: =IF(H12+I12>=7,"Élevé",IF(H12+I12>=5,"Moyen","Faible")) -> Moyen | K12: Les pannes de ces services sont courantes ; le service bancaire continue sans Léa.
A13: R-IA-12 | B13: Disponibilité | C13: Consommation abusive | D13: Des robots envoient des milliers de messages à Léa et font exploser la facture de l'éditeur | E13: LLM10 Unbounded Consumption | F13: Coût financier, indisponibilité | G13: Aucune | H13: 3 | I13: 2 | J13: =IF(H13+I13>=7,"Élevé",IF(H13+I13>=5,"Moyen","Faible")) -> Moyen | K13: Attaque simple ; impact surtout financier.
... A15: R-IA-14 | B15: Attaque | C15: Empoisonnement de la base de connaissances | D15: Un document interne consulté par Léa est modifié de façon malveillante ; Léa diffuse la fausse information | E15: LLM04 Data and Model Poisoning, LLM08 Vector and Embedding Weaknesses | F15: Désinformation de nombreux clients | G15: Gestion des accès aux documents internes | H15: 1 | I15: 3 | J15: =IF(H15+I15>=7,"Élevé",IF(H15+I15>=5,"Moyen","Faible")) -> Faible | K15: Suppose un accès interne ; peu vraisemblable mais à fort effet de diffusion.

Sheet Synthèse
A1: Niveau | B1: Nombre de risques | D1: Famille | E1: Nombre
A2: Élevé | B2: =COUNTIF('Registre des risques'!$J$2:$J$15,A2) -> 1 | D2: Attaque | E2: =COUNTIF('Registre des risques'!$B$2:$B$15,D2) -> 5
A3: Moyen | B3: =COUNTIF('Registre des risques'!$J$2:$J$15,A3) -> 11 | D3: Données | E3: =COUNTIF('Registre des risques'!$B$2:$B$15,D3) -> 4
A4: Faible | B4: =COUNTIF('Registre des risques'!$J$2:$J$15,A4) -> 2 | D4: Erreur | E4: =COUNTIF('Registre des risques'!$B$2:$B$15,D4) -> 1
A5: Total | B5: =SUM(B2:B4) -> 14 | D5: Humain | E5: =COUNTIF('Registre des risques'!$B$2:$B$15,D5) -> 1
D6: Disponibilité | E6: =COUNTIF('Registre des risques'!$B$2:$B$15,D6) -> 2
D7: Conformité | E7: =COUNTIF('Registre des risques'!$B$2:$B$15,D7) -> 1
